Gene	p_value	TN_diff
HORMAD2	1.779824517995259e-6	0.46587039076828096
MARK2P9	1.779824517995259e-6	0.45136070957110025
SPAG6	1.779824517995259e-6	0.4377374713052766
RAP1GAP2	1.779824517995259e-6	0.38059726572753044
FGD2	1.779824517995259e-6	0.3643882458876102
PAX9	1.779824517995259e-6	0.32061609597227303
MTMR11	1.779824517995259e-6	-0.43933953214000543
ABCA8	1.779824517995259e-6	-0.481641736204147
